{"lastUpdate":"2021-02-19T02:39:22.295584387Z","objectsCount":16,"objectsTotalSize":5150346,"objectsPendingReplicationTotalSize":0,"objectsFailedReplicationTotalSize":0,"objectsReplicatedTotalSize":0,"objectsReplicaTotalSize":0,"bucketsCount":1,"bucketsUsageInfo":{"images":{"size":5150346,"objectsPendingReplicationTotalSize":0,"objectsFailedReplicationTotalSize":0,"objectsReplicatedTotalSize":0,"objectReplicaTotalSize":0,"objectsCount":16,"objectsSizesHistogram":{"BETWEEN_1024_B_AND_1_MB":14,"BETWEEN_10_MB_AND_64_MB":0,"BETWEEN_128_MB_AND_512_MB":0,"BETWEEN_1_MB_AND_10_MB":1,"BETWEEN_64_MB_AND_128_MB":0,"GREATER_THAN_512_MB":0,"LESS_THAN_1024_B":1}}},"bucketsSizes":null}